Instance,Terminal,Layer,X location,Y location,Voltage
FILLER_18_113,VGND,li1,57.7300,59.8400,0.000027
FILLER_18_109,VGND,li1,56.3500,59.8400,0.000027
FILLER_18_106,VGND,li1,54.9700,59.8400,0.000027
FILLER_18_103,VGND,li1,53.5900,59.8400,0.000027
FILLER_18_100,VGND,li1,52.2100,59.8400,0.000027
FILLER_18_97,VGND,li1,50.8300,59.8400,0.000027
FILLER_18_94,VGND,li1,49.4500,59.8400,0.000027
FILLER_18_91,VGND,li1,48.0700,59.8400,0.000027
FILLER_18_88,VGND,li1,46.6900,59.8400,0.000027
FILLER_18_85,VGND,li1,45.3100,59.8400,0.000027
FILLER_18_83,VGND,li1,43.9300,59.8400,0.000027
FILLER_18_74,VGND,li1,39.7900,59.8400,0.000025
FILLER_18_71,VGND,li1,38.8700,59.8400,0.000024
FILLER_18_68,VGND,li1,37.4900,59.8400,0.000024
FILLER_18_65,VGND,li1,36.1100,59.8400,0.000023
FILLER_18_46,VGND,li1,27.1400,59.8400,0.000017
FILLER_18_43,VGND,li1,25.9900,59.8400,0.000015
FILLER_18_40,VGND,li1,24.6100,59.8400,0.000015
FILLER_18_37,VGND,li1,23.2300,59.8400,0.000017
FILLER_18_32,VGND,li1,20.4700,59.8400,0.000018
FILLER_18_29,VGND,li1,19.5500,59.8400,0.000018
FILLER_18_27,VGND,li1,18.1700,59.8400,0.000018
FILLER_18_24,VGND,li1,17.2500,59.8400,0.000018
FILLER_18_21,VGND,li1,15.8700,59.8400,0.000019
FILLER_18_18,VGND,li1,14.4900,59.8400,0.000019
FILLER_18_15,VGND,li1,13.1100,59.8400,0.000019
FILLER_18_12,VGND,li1,11.7300,59.8400,0.000019
FILLER_18_9,VGND,li1,10.3500,59.8400,0.000020
FILLER_18_6,VGND,li1,8.9700,59.8400,0.000020
FILLER_18_3,VGND,li1,7.5900,59.8400,0.000020
FILLER_17_113,VGND,li1,57.7300,59.8400,0.000027
FILLER_17_109,VGND,li1,56.3500,59.8400,0.000027
FILLER_17_106,VGND,li1,54.9700,59.8400,0.000027
FILLER_17_100,VGND,li1,52.2100,59.8400,0.000027
FILLER_17_97,VGND,li1,50.8300,59.8400,0.000027
FILLER_17_94,VGND,li1,49.4500,59.8400,0.000027
FILLER_17_88,VGND,li1,46.2300,59.8400,0.000027
FILLER_17_73,VGND,li1,39.5600,59.8400,0.000025
FILLER_17_70,VGND,li1,38.4100,59.8400,0.000024
FILLER_17_67,VGND,li1,37.0300,59.8400,0.000023
FILLER_17_64,VGND,li1,35.6500,59.8400,0.000023
FILLER_17_49,VGND,li1,28.2900,59.8400,0.000018
FILLER_17_40,VGND,li1,24.3800,59.8400,0.000015
FILLER_17_13,VGND,li1,11.9600,59.8400,0.000019
FILLER_16_113,VGND,li1,57.7300,54.4000,0.000026
FILLER_16_110,VGND,li1,56.8100,54.4000,0.000026
FILLER_16_102,VGND,li1,52.6700,54.4000,0.000026
FILLER_16_88,VGND,li1,46.2300,54.4000,0.000025
FILLER_16_85,VGND,li1,45.3100,54.4000,0.000024
FILLER_16_83,VGND,li1,43.9300,54.4000,0.000024
FILLER_16_73,VGND,li1,39.5600,54.4000,0.000023
FILLER_16_46,VGND,li1,27.1400,54.4000,0.000015
FILLER_16_43,VGND,li1,25.9900,54.4000,0.000015
FILLER_16_40,VGND,li1,24.6100,54.4000,0.000013
FILLER_16_29,VGND,li1,19.5500,54.4000,0.000015
FILLER_16_11,VGND,li1,11.2700,54.4000,0.000017
FILLER_15_113,VGND,li1,57.7300,54.4000,0.000026
FILLER_15_102,VGND,li1,52.9000,54.4000,0.000026
FILLER_15_99,VGND,li1,51.7500,54.4000,0.000026
FILLER_15_91,VGND,li1,47.6100,54.4000,0.000025
FILLER_15_88,VGND,li1,46.6900,54.4000,0.000025
FILLER_15_85,VGND,li1,45.3100,54.4000,0.000024
FILLER_15_82,VGND,li1,43.9300,54.4000,0.000024
FILLER_15_79,VGND,li1,42.5500,54.4000,0.000024
FILLER_15_71,VGND,li1,38.8700,54.4000,0.000023
FILLER_15_68,VGND,li1,37.4900,54.4000,0.000022
FILLER_15_65,VGND,li1,36.1100,54.4000,0.000022
FILLER_15_47,VGND,li1,27.6000,54.4000,0.000015
FILLER_15_44,VGND,li1,26.4500,54.4000,0.000015
FILLER_15_41,VGND,li1,25.0700,54.4000,0.000013
FILLER_15_38,VGND,li1,23.6900,54.4000,0.000013
FILLER_15_30,VGND,li1,19.5500,54.4000,0.000015
FILLER_15_27,VGND,li1,18.6300,54.4000,0.000015
FILLER_15_24,VGND,li1,17.2500,54.4000,0.000016
FILLER_15_21,VGND,li1,15.8700,54.4000,0.000016
FILLER_15_15,VGND,li1,12.6500,54.4000,0.000017
FILLER_15_3,VGND,li1,7.5900,54.4000,0.000017
FILLER_14_112,VGND,li1,57.5000,48.9600,0.000033
FILLER_14_109,VGND,li1,56.3500,48.9600,0.000033
FILLER_14_91,VGND,li1,47.6100,48.9600,0.000030
FILLER_14_88,VGND,li1,46.6900,48.9600,0.000028
FILLER_14_85,VGND,li1,45.3100,48.9600,0.000028
FILLER_14_81,VGND,li1,43.4700,48.9600,0.000027
FILLER_14_78,VGND,li1,42.0900,48.9600,0.000025
FILLER_14_75,VGND,li1,40.7100,48.9600,0.000025
FILLER_14_72,VGND,li1,39.3300,48.9600,0.000023
FILLER_14_69,VGND,li1,37.9500,48.9600,0.000023
FILLER_14_66,VGND,li1,36.5700,48.9600,0.000021
FILLER_14_63,VGND,li1,35.1900,48.9600,0.000021
FILLER_14_60,VGND,li1,33.8100,48.9600,0.000019
FILLER_14_49,VGND,li1,28.7500,48.9600,0.000016
FILLER_14_46,VGND,li1,27.3700,48.9600,0.000014
FILLER_14_29,VGND,li1,19.0900,48.9600,0.000013
FILLER_14_18,VGND,li1,14.2600,48.9600,0.000015
FILLER_13_113,VGND,li1,57.7300,48.9600,0.000033
FILLER_13_94,VGND,li1,48.9900,48.9600,0.000031
FILLER_13_81,VGND,li1,43.0100,48.9600,0.000027
FILLER_13_78,VGND,li1,42.0900,48.9600,0.000025
FILLER_13_75,VGND,li1,40.7100,48.9600,0.000025
FILLER_13_72,VGND,li1,39.3300,48.9600,0.000023
FILLER_13_69,VGND,li1,37.9500,48.9600,0.000023
FILLER_13_66,VGND,li1,36.5700,48.9600,0.000021
FILLER_13_63,VGND,li1,35.1900,48.9600,0.000021
FILLER_13_60,VGND,li1,33.8100,48.9600,0.000019
FILLER_13_57,VGND,li1,32.4300,48.9600,0.000019
FILLER_13_53,VGND,li1,30.5900,48.9600,0.000017
FILLER_13_50,VGND,li1,29.2100,48.9600,0.000016
FILLER_13_47,VGND,li1,27.8300,48.9600,0.000014
FILLER_13_44,VGND,li1,26.4500,48.9600,0.000014
FILLER_13_41,VGND,li1,25.0700,48.9600,0.000012
FILLER_13_38,VGND,li1,23.6900,48.9600,0.000012
FILLER_13_35,VGND,li1,22.3100,48.9600,0.000013
FILLER_13_32,VGND,li1,20.9300,48.9600,0.000013
FILLER_13_29,VGND,li1,19.5500,48.9600,0.000013
FILLER_13_20,VGND,li1,15.1800,48.9600,0.000015
FILLER_13_17,VGND,li1,14.0300,48.9600,0.000015
FILLER_12_103,VGND,li1,53.5900,43.5200,0.000027
FILLER_12_85,VGND,li1,44.8500,43.5200,0.000024
FILLER_12_81,VGND,li1,43.4700,43.5200,0.000024
FILLER_12_78,VGND,li1,42.0900,43.5200,0.000024
FILLER_12_69,VGND,li1,37.4900,43.5200,0.000021
FILLER_12_66,VGND,li1,36.5700,43.5200,0.000021
FILLER_12_63,VGND,li1,35.1900,43.5200,0.000019
FILLER_12_43,VGND,li1,25.7600,43.5200,0.000013
FILLER_12_40,VGND,li1,24.6100,43.5200,0.000014
FILLER_12_37,VGND,li1,23.2300,43.5200,0.000014
FILLER_12_34,VGND,li1,21.8500,43.5200,0.000016
FILLER_12_29,VGND,li1,19.0900,43.5200,0.000017
FILLER_12_27,VGND,li1,18.1700,43.5200,0.000017
FILLER_12_24,VGND,li1,17.2500,43.5200,0.000018
FILLER_12_21,VGND,li1,15.8700,43.5200,0.000018
FILLER_12_18,VGND,li1,14.4900,43.5200,0.000018
FILLER_12_3,VGND,li1,7.3600,43.5200,0.000019
FILLER_11_113,VGND,li1,57.7300,43.5200,0.000027
FILLER_11_103,VGND,li1,53.1300,43.5200,0.000027
FILLER_11_93,VGND,li1,48.7600,43.5200,0.000026
FILLER_11_90,VGND,li1,47.6100,43.5200,0.000025
FILLER_11_87,VGND,li1,46.2300,43.5200,0.000025
FILLER_11_84,VGND,li1,44.8500,43.5200,0.000024
FILLER_11_75,VGND,li1,40.4800,43.5200,0.000022
FILLER_11_72,VGND,li1,39.3300,43.5200,0.000022
FILLER_11_63,VGND,li1,34.7300,43.5200,0.000019
FILLER_11_60,VGND,li1,33.8100,43.5200,0.000019
FILLER_11_57,VGND,li1,32.4300,43.5200,0.000018
FILLER_11_47,VGND,li1,27.3700,43.5200,0.000015
FILLER_11_44,VGND,li1,26.4500,43.5200,0.000013
FILLER_11_40,VGND,li1,24.1500,43.5200,0.000014
FILLER_11_23,VGND,li1,16.3300,43.5200,0.000018
FILLER_10_111,VGND,li1,57.2700,38.0800,0.000035
FILLER_10_108,VGND,li1,55.8900,38.0800,0.000035
FILLER_10_94,VGND,li1,49.2200,38.0800,0.000033
FILLER_10_91,VGND,li1,48.0700,38.0800,0.000032
FILLER_10_88,VGND,li1,46.6900,38.0800,0.000032
FILLER_10_85,VGND,li1,45.3100,38.0800,0.000031
FILLER_10_75,VGND,li1,40.7100,38.0800,0.000029
FILLER_10_59,VGND,li1,33.3500,38.0800,0.000023
FILLER_10_56,VGND,li1,31.9700,38.0800,0.000021
FILLER_10_48,VGND,li1,28.2900,38.0800,0.000017
FILLER_10_45,VGND,li1,26.9100,38.0800,0.000017
FILLER_10_3,VGND,li1,7.1300,38.0800,0.000022
FILLER_9_113,VGND,li1,57.7300,38.0800,0.000035
FILLER_9_103,VGND,li1,53.1300,38.0800,0.000035
FILLER_9_87,VGND,li1,46.2300,38.0800,0.000031
FILLER_9_84,VGND,li1,44.8500,38.0800,0.000031
FILLER_9_63,VGND,li1,34.7300,38.0800,0.000023
FILLER_9_60,VGND,li1,33.8100,38.0800,0.000023
FILLER_9_57,VGND,li1,32.4300,38.0800,0.000021
FILLER_9_55,VGND,li1,31.0500,38.0800,0.000021
FILLER_9_52,VGND,li1,30.1300,38.0800,0.000019
FILLER_9_49,VGND,li1,28.7500,38.0800,0.000019
FILLER_9_46,VGND,li1,27.3700,38.0800,0.000017
FILLER_9_43,VGND,li1,25.9900,38.0800,0.000015
FILLER_9_40,VGND,li1,24.6100,38.0800,0.000017
FILLER_9_37,VGND,li1,23.2300,38.0800,0.000017
FILLER_9_28,VGND,li1,18.6300,38.0800,0.000019
FILLER_9_25,VGND,li1,17.7100,38.0800,0.000019
FILLER_9_22,VGND,li1,16.3300,38.0800,0.000020
FILLER_9_19,VGND,li1,14.9500,38.0800,0.000020
FILLER_8_105,VGND,li1,54.0500,32.6400,0.000018
FILLER_8_91,VGND,li1,47.8400,32.6400,0.000016
FILLER_8_88,VGND,li1,46.6900,32.6400,0.000016
FILLER_8_85,VGND,li1,45.3100,32.6400,0.000016
FILLER_8_83,VGND,li1,43.9300,32.6400,0.000015
FILLER_8_80,VGND,li1,43.0100,32.6400,0.000015
FILLER_8_65,VGND,li1,35.6500,32.6400,0.000013
FILLER_8_62,VGND,li1,34.7300,32.6400,0.000012
FILLER_8_50,VGND,li1,29.2100,32.6400,0.000010
FILLER_8_47,VGND,li1,27.8300,32.6400,0.000009
FILLER_8_44,VGND,li1,26.4500,32.6400,0.000009
FILLER_8_41,VGND,li1,25.0700,32.6400,0.000008
FILLER_8_38,VGND,li1,23.6900,32.6400,0.000008
FILLER_8_35,VGND,li1,22.3100,32.6400,0.000008
FILLER_8_32,VGND,li1,20.9300,32.6400,0.000008
FILLER_8_29,VGND,li1,19.5500,32.6400,0.000009
FILLER_8_25,VGND,li1,17.7100,32.6400,0.000010
FILLER_8_22,VGND,li1,16.3300,32.6400,0.000010
FILLER_8_6,VGND,li1,8.5100,32.6400,0.000010
FILLER_8_3,VGND,li1,7.5900,32.6400,0.000010
FILLER_7_113,VGND,li1,57.7300,32.6400,0.000018
FILLER_7_110,VGND,li1,56.5800,32.6400,0.000018
FILLER_7_107,VGND,li1,55.4300,32.6400,0.000018
FILLER_7_98,VGND,li1,50.8300,32.6400,0.000017
FILLER_7_95,VGND,li1,49.9100,32.6400,0.000017
FILLER_7_92,VGND,li1,48.5300,32.6400,0.000016
FILLER_7_89,VGND,li1,47.1500,32.6400,0.000016
FILLER_7_86,VGND,li1,45.7700,32.6400,0.000016
FILLER_7_83,VGND,li1,44.3900,32.6400,0.000015
FILLER_7_80,VGND,li1,43.0100,32.6400,0.000015
FILLER_7_72,VGND,li1,39.3300,32.6400,0.000014
FILLER_7_69,VGND,li1,37.9500,32.6400,0.000013
FILLER_7_66,VGND,li1,36.5700,32.6400,0.000013
FILLER_7_63,VGND,li1,35.1900,32.6400,0.000012
FILLER_7_60,VGND,li1,33.8100,32.6400,0.000012
FILLER_7_57,VGND,li1,32.4300,32.6400,0.000011
FILLER_7_44,VGND,li1,26.4500,32.6400,0.000009
FILLER_7_35,VGND,li1,22.3100,32.6400,0.000008
FILLER_7_32,VGND,li1,20.9300,32.6400,0.000008
FILLER_7_29,VGND,li1,19.5500,32.6400,0.000009
FILLER_7_6,VGND,li1,8.7400,32.6400,0.000010
FILLER_7_3,VGND,li1,7.5900,32.6400,0.000010
FILLER_6_91,VGND,li1,48.0700,27.2000,0.000037
FILLER_6_88,VGND,li1,46.6900,27.2000,0.000035
FILLER_6_85,VGND,li1,45.3100,27.2000,0.000035
FILLER_6_81,VGND,li1,43.4700,27.2000,0.000034
FILLER_6_73,VGND,li1,39.3300,27.2000,0.000030
FILLER_6_70,VGND,li1,38.4100,27.2000,0.000029
FILLER_6_67,VGND,li1,37.0300,27.2000,0.000027
FILLER_6_64,VGND,li1,35.6500,27.2000,0.000027
FILLER_6_56,VGND,li1,31.9700,27.2000,0.000024
FILLER_6_53,VGND,li1,30.5900,27.2000,0.000022
FILLER_6_44,VGND,li1,26.2200,27.2000,0.000016
FILLER_6_41,VGND,li1,25.0700,27.2000,0.000016
FILLER_6_38,VGND,li1,23.6900,27.2000,0.000018
FILLER_6_35,VGND,li1,22.3100,27.2000,0.000018
FILLER_6_32,VGND,li1,20.9300,27.2000,0.000019
FILLER_6_29,VGND,li1,19.5500,27.2000,0.000020
FILLER_5_113,VGND,li1,57.7300,27.2000,0.000041
FILLER_5_102,VGND,li1,52.9000,27.2000,0.000040
FILLER_5_83,VGND,li1,44.3900,27.2000,0.000034
FILLER_5_77,VGND,li1,41.1700,27.2000,0.000032
FILLER_5_74,VGND,li1,40.2500,27.2000,0.000030
FILLER_5_71,VGND,li1,38.8700,27.2000,0.000029
FILLER_5_68,VGND,li1,37.4900,27.2000,0.000029
FILLER_5_57,VGND,li1,32.2000,27.2000,0.000024
FILLER_5_49,VGND,li1,28.5200,27.2000,0.000019
FILLER_5_46,VGND,li1,27.3700,27.2000,0.000019
FILLER_5_43,VGND,li1,25.9900,27.2000,0.000016
FILLER_5_40,VGND,li1,24.6100,27.2000,0.000016
FILLER_5_37,VGND,li1,23.2300,27.2000,0.000018
FILLER_5_27,VGND,li1,18.1700,27.2000,0.000020
FILLER_5_24,VGND,li1,17.2500,27.2000,0.000021
FILLER_5_21,VGND,li1,15.8700,27.2000,0.000021
FILLER_4_97,VGND,li1,50.6000,21.7600,0.000024
FILLER_4_91,VGND,li1,47.6100,21.7600,0.000023
FILLER_4_88,VGND,li1,46.6900,21.7600,0.000023
FILLER_4_85,VGND,li1,45.3100,21.7600,0.000023
FILLER_4_81,VGND,li1,43.4700,21.7600,0.000022
FILLER_4_78,VGND,li1,42.0900,21.7600,0.000022
FILLER_4_75,VGND,li1,40.7100,21.7600,0.000021
FILLER_4_72,VGND,li1,39.3300,21.7600,0.000021
FILLER_4_69,VGND,li1,37.9500,21.7600,0.000020
FILLER_4_66,VGND,li1,36.5700,21.7600,0.000020
FILLER_4_52,VGND,li1,29.9000,21.7600,0.000016
FILLER_4_49,VGND,li1,28.7500,21.7600,0.000016
FILLER_4_42,VGND,li1,25.3000,21.7600,0.000013
FILLER_4_39,VGND,li1,24.1500,21.7600,0.000013
FILLER_4_17,VGND,li1,14.0300,21.7600,0.000019
FILLER_4_14,VGND,li1,12.6500,21.7600,0.000020
FILLER_4_11,VGND,li1,11.2700,21.7600,0.000020
FILLER_3_113,VGND,li1,57.7300,21.7600,0.000025
FILLER_3_110,VGND,li1,56.5800,21.7600,0.000025
FILLER_3_107,VGND,li1,55.4300,21.7600,0.000024
FILLER_3_104,VGND,li1,54.0500,21.7600,0.000024
FILLER_3_101,VGND,li1,52.6700,21.7600,0.000024
FILLER_3_98,VGND,li1,51.2900,21.7600,0.000024
FILLER_3_91,VGND,li1,47.8400,21.7600,0.000023
FILLER_3_75,VGND,li1,40.7100,21.7600,0.000021
FILLER_3_72,VGND,li1,39.3300,21.7600,0.000021
FILLER_3_69,VGND,li1,37.9500,21.7600,0.000020
FILLER_3_57,VGND,li1,32.4300,21.7600,0.000017
FILLER_3_46,VGND,li1,26.9100,21.7600,0.000014
FILLER_3_43,VGND,li1,25.9900,21.7600,0.000014
FILLER_3_40,VGND,li1,24.6100,21.7600,0.000013
FILLER_3_23,VGND,li1,16.7900,21.7600,0.000018
FILLER_3_20,VGND,li1,15.4100,21.7600,0.000018
FILLER_3_3,VGND,li1,7.5900,21.7600,0.000021
FILLER_2_111,VGND,li1,57.2700,16.3200,0.000024
FILLER_2_108,VGND,li1,55.8900,16.3200,0.000024
FILLER_2_105,VGND,li1,54.5100,16.3200,0.000024
FILLER_2_102,VGND,li1,53.1300,16.3200,0.000024
FILLER_2_99,VGND,li1,51.7500,16.3200,0.000024
FILLER_2_90,VGND,li1,47.1500,16.3200,0.000024
FILLER_2_81,VGND,li1,43.4700,16.3200,0.000024
FILLER_2_70,VGND,li1,38.4100,16.3200,0.000022
FILLER_2_48,VGND,li1,27.8300,16.3200,0.000016
FILLER_2_45,VGND,li1,26.9100,16.3200,0.000016
FILLER_2_42,VGND,li1,25.5300,16.3200,0.000014
FILLER_2_39,VGND,li1,24.1500,16.3200,0.000015
FILLER_2_36,VGND,li1,22.7700,16.3200,0.000015
FILLER_2_26,VGND,li1,17.9400,16.3200,0.000018
FILLER_2_21,VGND,li1,15.4100,16.3200,0.000019
FILLER_2_6,VGND,li1,8.5100,16.3200,0.000020
FILLER_2_3,VGND,li1,7.5900,16.3200,0.000020
FILLER_1_113,VGND,li1,57.7300,16.3200,0.000024
FILLER_1_110,VGND,li1,56.5800,16.3200,0.000024
FILLER_1_107,VGND,li1,55.4300,16.3200,0.000024
FILLER_1_104,VGND,li1,54.0500,16.3200,0.000024
FILLER_1_101,VGND,li1,52.6700,16.3200,0.000024
FILLER_1_98,VGND,li1,51.2900,16.3200,0.000024
FILLER_1_95,VGND,li1,49.9100,16.3200,0.000024
FILLER_1_87,VGND,li1,45.7700,16.3200,0.000024
FILLER_1_77,VGND,li1,41.6300,16.3200,0.000023
FILLER_1_49,VGND,li1,28.5200,16.3200,0.000016
FILLER_1_46,VGND,li1,27.3700,16.3200,0.000016
FILLER_1_43,VGND,li1,25.9900,16.3200,0.000014
FILLER_1_40,VGND,li1,24.6100,16.3200,0.000014
FILLER_1_37,VGND,li1,23.2300,16.3200,0.000015
FILLER_1_9,VGND,li1,10.1200,16.3200,0.000020
FILLER_1_6,VGND,li1,8.9700,16.3200,0.000020
FILLER_1_3,VGND,li1,7.5900,16.3200,0.000020
FILLER_0_113,VGND,li1,57.7300,10.8800,0.000011
FILLER_0_109,VGND,li1,56.3500,10.8800,0.000011
FILLER_0_106,VGND,li1,54.9700,10.8800,0.000011
FILLER_0_103,VGND,li1,53.5900,10.8800,0.000011
FILLER_0_100,VGND,li1,52.2100,10.8800,0.000011
FILLER_0_97,VGND,li1,50.8300,10.8800,0.000011
FILLER_0_94,VGND,li1,49.4500,10.8800,0.000011
FILLER_0_91,VGND,li1,48.0700,10.8800,0.000011
FILLER_0_88,VGND,li1,46.6900,10.8800,0.000011
FILLER_0_85,VGND,li1,45.3100,10.8800,0.000011
FILLER_0_81,VGND,li1,43.4700,10.8800,0.000011
FILLER_0_78,VGND,li1,42.0900,10.8800,0.000011
FILLER_0_75,VGND,li1,40.7100,10.8800,0.000011
FILLER_0_57,VGND,li1,32.2000,10.8800,0.000009
FILLER_0_53,VGND,li1,30.5900,10.8800,0.000009
FILLER_0_50,VGND,li1,29.2100,10.8800,0.000008
FILLER_0_47,VGND,li1,27.8300,10.8800,0.000008
FILLER_0_37,VGND,li1,23.0000,10.8800,0.000008
FILLER_0_34,VGND,li1,21.8500,10.8800,0.000008
FILLER_0_27,VGND,li1,18.1700,10.8800,0.000008
FILLER_0_9,VGND,li1,10.1200,10.8800,0.000009
FILLER_0_6,VGND,li1,8.9700,10.8800,0.000009
FILLER_0_3,VGND,li1,7.5900,10.8800,0.000009
fanout34,VGND,li1,12.8800,38.0800,0.000021
fanout33,VGND,li1,11.9600,43.5200,0.000019
max_cap32,VGND,li1,23.2300,43.5200,0.000014
wire31,VGND,li1,13.3400,59.8400,0.000019
max_cap30,VGND,li1,16.5600,16.3200,0.000019
max_cap29,VGND,li1,20.2400,43.5200,0.000016
output28,VGND,li1,21.6200,59.8400,0.000017
output27,VGND,li1,41.8600,59.8400,0.000026
output26,VGND,li1,55.2000,48.9600,0.000033
output25,VGND,li1,55.2000,38.0800,0.000035
output24,VGND,li1,55.2000,27.2000,0.000041
output23,VGND,li1,34.5000,10.8800,0.000011
output22,VGND,li1,8.7400,21.7600,0.000021
output21,VGND,li1,8.7400,27.2000,0.000024
output20,VGND,li1,9.2000,59.8400,0.000020
input19,VGND,li1,12.4200,38.0800,0.000021
input18,VGND,li1,8.7400,38.0800,0.000022
input17,VGND,li1,8.7400,48.9600,0.000016
input16,VGND,li1,8.7400,54.4000,0.000017
input15,VGND,li1,29.4400,59.8400,0.000018
input14,VGND,li1,55.2000,54.4000,0.000026
input13,VGND,li1,55.2000,43.5200,0.000027
input12,VGND,li1,56.1200,27.2000,0.000041
input11,VGND,li1,38.1800,10.8800,0.000011
input10,VGND,li1,16.1000,10.8800,0.000009
input9,VGND,li1,12.4200,27.2000,0.000023
input8,VGND,li1,8.7400,48.9600,0.000016
input7,VGND,li1,33.5800,59.8400,0.000022
input6,VGND,li1,56.1200,43.5200,0.000027
input5,VGND,li1,56.1200,32.6400,0.000018
input4,VGND,li1,56.1200,21.7600,0.000025
input3,VGND,li1,25.3000,10.8800,0.000007
input2,VGND,li1,12.4200,10.8800,0.000009
input1,VGND,li1,14.7200,32.6400,0.000010
TAP_TAPCELL_ROW_18_79,VGND,li1,57.2700,60.1310,0.000027
TAP_TAPCELL_ROW_18_78,VGND,li1,44.3900,60.1310,0.000027
TAP_TAPCELL_ROW_18_77,VGND,li1,31.5100,60.1310,0.000021
TAP_TAPCELL_ROW_18_76,VGND,li1,18.6300,60.1310,0.000018
TAP_TAPCELL_ROW_17_75,VGND,li1,57.2700,59.5480,0.000027
TAP_TAPCELL_ROW_17_74,VGND,li1,31.5100,59.5480,0.000021
TAP_TAPCELL_ROW_16_73,VGND,li1,44.3900,54.6910,0.000024
TAP_TAPCELL_ROW_16_72,VGND,li1,18.6300,54.6910,0.000015
TAP_TAPCELL_ROW_15_71,VGND,li1,57.2700,54.1080,0.000026
TAP_TAPCELL_ROW_15_70,VGND,li1,31.5100,54.1080,0.000019
TAP_TAPCELL_ROW_14_69,VGND,li1,44.3900,49.2510,0.000027
TAP_TAPCELL_ROW_14_68,VGND,li1,18.6300,49.2510,0.000013
TAP_TAPCELL_ROW_13_67,VGND,li1,57.2700,48.6680,0.000033
TAP_TAPCELL_ROW_13_66,VGND,li1,31.5100,48.6680,0.000017
TAP_TAPCELL_ROW_12_65,VGND,li1,44.3900,43.8110,0.000024
TAP_TAPCELL_ROW_12_64,VGND,li1,18.6300,43.8110,0.000017
TAP_TAPCELL_ROW_11_63,VGND,li1,57.2700,43.2280,0.000027
TAP_TAPCELL_ROW_11_62,VGND,li1,31.5100,43.2280,0.000018
TAP_TAPCELL_ROW_10_61,VGND,li1,44.3900,38.3710,0.000030
TAP_TAPCELL_ROW_10_60,VGND,li1,18.6300,38.3710,0.000019
TAP_TAPCELL_ROW_9_59,VGND,li1,57.2700,37.7880,0.000035
TAP_TAPCELL_ROW_9_58,VGND,li1,31.5100,37.7880,0.000021
TAP_TAPCELL_ROW_8_57,VGND,li1,44.3900,32.9310,0.000015
TAP_TAPCELL_ROW_8_56,VGND,li1,18.6300,32.9310,0.000009
TAP_TAPCELL_ROW_7_55,VGND,li1,57.2700,32.3480,0.000018
TAP_TAPCELL_ROW_7_54,VGND,li1,31.5100,32.3480,0.000011
TAP_TAPCELL_ROW_6_53,VGND,li1,44.3900,27.4910,0.000034
TAP_TAPCELL_ROW_6_52,VGND,li1,18.6300,27.4910,0.000020
TAP_TAPCELL_ROW_5_51,VGND,li1,57.2700,26.9080,0.000041
TAP_TAPCELL_ROW_5_50,VGND,li1,31.5100,26.9080,0.000022
TAP_TAPCELL_ROW_4_49,VGND,li1,44.3900,22.0510,0.000023
TAP_TAPCELL_ROW_4_48,VGND,li1,18.6300,22.0510,0.000016
TAP_TAPCELL_ROW_3_47,VGND,li1,57.2700,21.4680,0.000025
TAP_TAPCELL_ROW_3_46,VGND,li1,31.5100,21.4680,0.000017
TAP_TAPCELL_ROW_2_45,VGND,li1,44.3900,16.6110,0.000024
TAP_TAPCELL_ROW_2_44,VGND,li1,18.6300,16.6110,0.000018
TAP_TAPCELL_ROW_1_43,VGND,li1,57.2700,16.0280,0.000024
TAP_TAPCELL_ROW_1_42,VGND,li1,31.5100,16.0280,0.000018
TAP_TAPCELL_ROW_0_41,VGND,li1,57.2700,11.1710,0.000011
TAP_TAPCELL_ROW_0_40,VGND,li1,44.3900,11.1710,0.000011
TAP_TAPCELL_ROW_0_39,VGND,li1,31.5100,11.1710,0.000009
TAP_TAPCELL_ROW_0_38,VGND,li1,18.6300,11.1710,0.000008
PHY_EDGE_ROW_18_Left_37,VGND,li1,6.2100,59.8400,0.000020
PHY_EDGE_ROW_17_Left_36,VGND,li1,6.2100,59.8400,0.000020
PHY_EDGE_ROW_16_Left_35,VGND,li1,6.2100,54.4000,0.000017
PHY_EDGE_ROW_15_Left_34,VGND,li1,6.2100,54.4000,0.000017
PHY_EDGE_ROW_14_Left_33,VGND,li1,6.2100,48.9600,0.000016
PHY_EDGE_ROW_13_Left_32,VGND,li1,6.2100,48.9600,0.000016
PHY_EDGE_ROW_12_Left_31,VGND,li1,6.2100,43.5200,0.000019
PHY_EDGE_ROW_11_Left_30,VGND,li1,6.2100,43.5200,0.000019
PHY_EDGE_ROW_10_Left_29,VGND,li1,6.2100,38.0800,0.000022
PHY_EDGE_ROW_9_Left_28,VGND,li1,6.2100,38.0800,0.000022
PHY_EDGE_ROW_8_Left_27,VGND,li1,6.2100,32.6400,0.000010
PHY_EDGE_ROW_7_Left_26,VGND,li1,6.2100,32.6400,0.000010
PHY_EDGE_ROW_6_Left_25,VGND,li1,6.2100,27.2000,0.000024
PHY_EDGE_ROW_5_Left_24,VGND,li1,6.2100,27.2000,0.000024
PHY_EDGE_ROW_4_Left_23,VGND,li1,6.2100,21.7600,0.000021
PHY_EDGE_ROW_3_Left_22,VGND,li1,6.2100,21.7600,0.000021
PHY_EDGE_ROW_2_Left_21,VGND,li1,6.2100,16.3200,0.000020
PHY_EDGE_ROW_1_Left_20,VGND,li1,6.2100,16.3200,0.000020
PHY_EDGE_ROW_0_Left_19,VGND,li1,6.2100,10.8800,0.000009
PHY_EDGE_ROW_18_Right_18,VGND,li1,58.6500,59.8400,0.000027
PHY_EDGE_ROW_17_Right_17,VGND,li1,58.6500,59.8400,0.000027
PHY_EDGE_ROW_16_Right_16,VGND,li1,58.6500,54.4000,0.000026
PHY_EDGE_ROW_15_Right_15,VGND,li1,58.6500,54.4000,0.000026
PHY_EDGE_ROW_14_Right_14,VGND,li1,58.6500,48.9600,0.000033
PHY_EDGE_ROW_13_Right_13,VGND,li1,58.6500,48.9600,0.000033
PHY_EDGE_ROW_12_Right_12,VGND,li1,58.6500,43.5200,0.000027
PHY_EDGE_ROW_11_Right_11,VGND,li1,58.6500,43.5200,0.000027
PHY_EDGE_ROW_10_Right_10,VGND,li1,58.6500,38.0800,0.000035
PHY_EDGE_ROW_9_Right_9,VGND,li1,58.6500,38.0800,0.000035
PHY_EDGE_ROW_8_Right_8,VGND,li1,58.6500,32.6400,0.000018
PHY_EDGE_ROW_7_Right_7,VGND,li1,58.6500,32.6400,0.000018
PHY_EDGE_ROW_6_Right_6,VGND,li1,58.6500,27.2000,0.000041
PHY_EDGE_ROW_5_Right_5,VGND,li1,58.6500,27.2000,0.000041
PHY_EDGE_ROW_4_Right_4,VGND,li1,58.6500,21.7600,0.000025
PHY_EDGE_ROW_3_Right_3,VGND,li1,58.6500,21.7600,0.000025
PHY_EDGE_ROW_2_Right_2,VGND,li1,58.6500,16.3200,0.000024
PHY_EDGE_ROW_1_Right_1,VGND,li1,58.6500,16.3200,0.000024
PHY_EDGE_ROW_0_Right_0,VGND,li1,58.6500,10.8800,0.000011
_256_,VGND,li1,10.3500,54.4000,0.000017
_255_,VGND,li1,17.9400,43.5200,0.000018
_254_,VGND,li1,9.2000,38.0800,0.000022
_253_,VGND,li1,13.5700,54.4000,0.000016
_252_,VGND,li1,33.8100,54.4000,0.000020
_251_,VGND,li1,40.7100,54.4000,0.000024
_250_,VGND,li1,39.5600,43.5200,0.000022
_249_,VGND,li1,42.5500,43.5200,0.000024
_248_,VGND,li1,43.0100,38.0800,0.000030
_247_,VGND,li1,41.1700,27.2000,0.000032
_246_,VGND,li1,33.3500,16.3200,0.000020
_245_,VGND,li1,20.4700,16.3200,0.000016
_244_,VGND,li1,8.0500,27.2000,0.000024
_243_,VGND,li1,49.9100,27.2000,0.000039
_242_,VGND,li1,42.5500,27.2000,0.000032
_241_,VGND,li1,21.3900,54.4000,0.000014
_240_,VGND,li1,26.4500,59.8400,0.000017
_239_,VGND,li1,49.4500,54.4000,0.000026
_238_,VGND,li1,53.5900,59.8400,0.000027
_237_,VGND,li1,54.5100,54.4000,0.000026
_236_,VGND,li1,53.5900,38.0800,0.000035
_235_,VGND,li1,52.2100,32.6400,0.000018
_234_,VGND,li1,50.8300,38.0800,0.000033
_233_,VGND,li1,48.0700,38.0800,0.000032
_232_,VGND,li1,38.8700,38.0800,0.000028
_231_,VGND,li1,40.7100,38.0800,0.000029
_230_,VGND,li1,42.7800,38.0800,0.000030
_229_,VGND,li1,52.2100,32.6400,0.000018
_228_,VGND,li1,49.2200,16.3200,0.000024
_227_,VGND,li1,47.6100,16.3200,0.000024
_226_,VGND,li1,39.3300,16.3200,0.000022
_225_,VGND,li1,45.7700,16.3200,0.000024
_224_,VGND,li1,34.2700,21.7600,0.000019
_223_,VGND,li1,30.1300,16.3200,0.000018
_222_,VGND,li1,36.3400,16.3200,0.000021
_221_,VGND,li1,10.3500,16.3200,0.000020
_220_,VGND,li1,18.1700,16.3200,0.000018
_219_,VGND,li1,9.8900,21.7600,0.000021
_218_,VGND,li1,13.5700,16.3200,0.000019
_217_,VGND,li1,20.0100,10.8800,0.000008
_216_,VGND,li1,21.1600,16.3200,0.000016
_215_,VGND,li1,52.6700,21.7600,0.000024
_214_,VGND,li1,54.0500,32.6400,0.000018
_213_,VGND,li1,52.6700,27.2000,0.000040
_212_,VGND,li1,48.9900,48.9600,0.000031
_211_,VGND,li1,51.9800,48.9600,0.000032
_210_,VGND,li1,51.7500,48.9600,0.000032
_209_,VGND,li1,49.9100,48.9600,0.000031
_208_,VGND,li1,54.5100,48.9600,0.000033
_207_,VGND,li1,31.0500,54.4000,0.000019
_206_,VGND,li1,29.9000,59.8400,0.000018
_205_,VGND,li1,28.7500,54.4000,0.000017
_204_,VGND,li1,14.0300,54.4000,0.000016
_203_,VGND,li1,11.9600,48.9600,0.000015
_202_,VGND,li1,8.9700,43.5200,0.000019
_201_,VGND,li1,11.5000,43.5200,0.000019
_200_,VGND,li1,12.1900,48.9600,0.000015
_199_,VGND,li1,52.2100,43.5200,0.000027
_198_,VGND,li1,22.0800,59.8400,0.000017
_197_,VGND,li1,16.7900,54.4000,0.000016
_196_,VGND,li1,16.5600,48.9600,0.000014
_195_,VGND,li1,21.3900,48.9600,0.000013
_194_,VGND,li1,25.0700,48.9600,0.000012
_193_,VGND,li1,17.2500,48.9600,0.000014
_192_,VGND,li1,22.0800,54.4000,0.000014
_191_,VGND,li1,17.2500,59.8400,0.000018
_190_,VGND,li1,41.8600,54.4000,0.000024
_189_,VGND,li1,37.2600,54.4000,0.000022
_188_,VGND,li1,33.5800,54.4000,0.000020
_187_,VGND,li1,31.2800,48.9600,0.000017
_186_,VGND,li1,29.6700,54.4000,0.000017
_185_,VGND,li1,33.3500,59.8400,0.000022
_184_,VGND,li1,49.4500,54.4000,0.000026
_183_,VGND,li1,47.6100,59.8400,0.000027
_182_,VGND,li1,43.0100,59.8400,0.000026
_181_,VGND,li1,47.1500,48.9600,0.000030
_180_,VGND,li1,49.4500,43.5200,0.000026
_179_,VGND,li1,51.0600,43.5200,0.000027
_178_,VGND,li1,28.2900,43.5200,0.000015
_177_,VGND,li1,29.4400,43.5200,0.000017
_176_,VGND,li1,32.4300,43.5200,0.000018
_175_,VGND,li1,30.1300,38.0800,0.000019
_174_,VGND,li1,46.2300,43.5200,0.000025
_173_,VGND,li1,44.3900,48.9600,0.000027
_172_,VGND,li1,37.2600,38.0800,0.000025
_171_,VGND,li1,40.7100,32.6400,0.000014
_170_,VGND,li1,41.1700,32.6400,0.000015
_169_,VGND,li1,35.8800,38.0800,0.000025
_168_,VGND,li1,36.8000,43.5200,0.000021
_167_,VGND,li1,31.9700,32.6400,0.000011
_166_,VGND,li1,37.4900,32.6400,0.000013
_165_,VGND,li1,51.0600,38.0800,0.000034
_164_,VGND,li1,49.4500,32.6400,0.000017
_163_,VGND,li1,47.1500,27.2000,0.000037
_162_,VGND,li1,50.8300,27.2000,0.000039
_161_,VGND,li1,28.2900,27.2000,0.000019
_160_,VGND,li1,29.2100,32.6400,0.000010
_159_,VGND,li1,34.7300,27.2000,0.000026
_158_,VGND,li1,24.3800,32.6400,0.000008
_157_,VGND,li1,30.1300,27.2000,0.000022
_156_,VGND,li1,33.8100,27.2000,0.000026
_155_,VGND,li1,48.9900,21.7600,0.000024
_154_,VGND,li1,49.4500,21.7600,0.000024
_153_,VGND,li1,44.3900,21.7600,0.000023
_152_,VGND,li1,35.8800,16.3200,0.000021
_151_,VGND,li1,40.9400,16.3200,0.000023
_150_,VGND,li1,35.1900,21.7600,0.000019
_149_,VGND,li1,29.2100,21.7600,0.000016
_148_,VGND,li1,31.5100,21.7600,0.000017
_147_,VGND,li1,26.9100,21.7600,0.000014
_146_,VGND,li1,43.9300,16.3200,0.000024
_145_,VGND,li1,31.0500,16.3200,0.000018
_144_,VGND,li1,16.5600,21.7600,0.000018
_143_,VGND,li1,12.1900,27.2000,0.000023
_142_,VGND,li1,21.1600,21.7600,0.000015
_141_,VGND,li1,21.8500,21.7600,0.000015
_140_,VGND,li1,20.4700,27.2000,0.000019
_139_,VGND,li1,18.6300,21.7600,0.000016
_138_,VGND,li1,25.0700,43.5200,0.000013
_137_,VGND,li1,20.9300,43.5200,0.000016
_136_,VGND,li1,16.5600,38.0800,0.000020
_135_,VGND,li1,13.5700,16.3200,0.000019
_134_,VGND,li1,13.1100,21.7600,0.000019
_133_,VGND,li1,20.7000,38.0800,0.000018
_132_,VGND,li1,14.2600,32.6400,0.000010
_131_,VGND,li1,16.3300,27.2000,0.000021
_130_,VGND,li1,24.8400,38.0800,0.000017
_129_,VGND,li1,21.1600,38.0800,0.000018
_128_,VGND,li1,17.7100,32.6400,0.000010
_127_,VGND,li1,14.9500,43.5200,0.000018
_126_,VGND,li1,11.0400,32.6400,0.000010
_125_,VGND,li1,10.8100,32.6400,0.000010
_124_,VGND,li1,8.0500,43.5200,0.000019
